fit_iodine,fit_calcium
2.6620342093278874e7,-0.9709961169951711
3.149974990866739e6,0.21396088455782925
-2.934896388982242e6,-0.18244067953352452
-1.300297366021695e6,-0.0014395846052576524
3.1739092054139855e6,-0.0038756379484267737
-1.9350653483183153e6,0.009384609749624575
-2.4012242295896407e7,-0.017170486533250623
3.5375480193429984e7,0.025864724224094342
