fit_iodine,fit_calcium
2.0963528616752383,-4.665984572855697e8
0.13712682942580523,-1.9741549323761785e8
-0.1771897978195694,3.0842562739905167e8
0.0009106362866428727,-3.816415091879842e6
-0.002393921051563019,1.2746779608355137e7
0.0015717046118321097,-1.0580494676516782e7
0.004503461175721076,7.517256733002766e6
-0.006655021639762896,-1.0665612063476866e7
