fit_iodine,fit_calcium
-1.3068659688825084,-0.8672468216087821
0.13420543207133978,-0.44238999643771537
-0.14947714598045997,0.7045558399845462
-0.0010415790635938207,0.013801189617110915
0.002379327246622697,-0.041257134860006664
-0.001363281807587887,0.03067664544583077
-0.004924380941625659,-0.018832871797303127
0.004225203910276588,0.024447163695271352
