fit_iodine,fit_calcium
0.8008473448533923,-2.521263692487906
0.10564617775389516,-0.8209874168312591
-0.1323314889163811,1.3323635821250028
0.001874548313734595,-0.00047398563450238207
-0.004726468755848175,0.000870724751032759
0.0029749001601462937,-0.00023200433179728028
0.031551359254981114,-0.0031354508205503127
-0.0478376038027412,0.0038666788054644613
