fit_iodine,fit_calcium
-7.107681436797283e6,-0.6101173803469269
-2.221084720938631e6,-0.3186858228781956
3.3590332818936137e6,0.6555653380170055
525844.1257905787,0.00018897066195759215
-1.2851379259257684e6,-0.0036324584088803322
783010.3722996138,0.004562073341013153
7.785122656427531e6,-0.008488082385202909
-1.1052216312295469e7,0.010906493805539725
