fit_iodine,fit_calcium
132.17484882378966,1588.8125123911711
3.904158716218633,37.12447168275792
-10.490077181108903,-53.25829359532341
-0.015022433022388646,-0.0825374334760521
-0.0004378376855812442,0.06539366106126852
0.17201252254446428,0.06616728010432299
0.27327857206319983,-0.25797157725155956
1.5489757764244756,0.35269998498149663
