fit_iodine,fit_calcium
0.5228883195939615,-2.0323874891165965
0.05044241232888551,-0.4754266439725394
-0.05539814814653321,0.7872680561198132
0.006054553764635347,0.01442940312787511
-0.01487571415513882,-0.04353992221131525
0.009111198256878837,0.03256816029902316
0.0823536153100561,-0.020752377482791302
-0.11944570389922439,0.02697918389893315
